{
  "ppo_v1_wins": 46,
  "ppo_v2_wins": 46,
  "dp_wins": 4,
  "greedy_wins": 0,
  "ppo_v1_avg_gap_to_dp": [
    -1.9797370788448252,
    -3.4173466076408845,
    0.0,
    -4.787410201469295,
    -3.2436274507914074,
    -6.17612597497796,
    2.9144930525242017,
    -19.793014257110457,
    -4.572490031479343,
    -19.33369550445294,
    -19.296869979058275,
    -3.8079068563301717,
    -3.6960569908280165,
    -2.5663794665264303,
    0.0,
    -4.006875756183314,
    -2.7603946114839766,
    -5.956983265720407,
    -1.9892632587555723,
    -1.062635789403265,
    -2.1103232098553737,
    -2.682629427572299,
    -18.15013341567636,
    -18.672551281730982,
    -0.05077721445186366,
    -2.949592632933627,
    -3.1221702212217375,
    -0.7563015207862452,
    -0.8809692942495171,
    -3.118546491998053,
    -4.803478918171335,
    -5.777837052413991,
    -1.8089960273338128,
    -11.570446651364126,
    0.5166848538400882,
    -17.8917124169591,
    -1.204349613107219,
    -0.7406570590409803,
    -0.6743244283712914,
    0.0,
    -2.697802228727905,
    -0.008244603485143706,
    -2.563075410131686,
    -4.5661500464674845,
    -3.6288175818212363,
    -5.50740791188731,
    -1.8382357031435506,
    -2.994226971297732
  ],
  "ppo_v2_avg_gap_to_dp": [
    -1.9797370788448252,
    -3.4173466076408845,
    0.0,
    -2.2678213672344962,
    -3.2436274507914074,
    -7.072599809756837,
    -3.1657627554927488,
    -11.831994807772048,
    -4.572490031479343,
    -17.631074219727328,
    -16.612231752621444,
    -3.8079068563301717,
    -3.6960569908280165,
    -2.5663794665264303,
    0.0,
    -4.006875756183314,
    -0.5143405737561119,
    -11.382158631796814,
    -1.171054306279414,
    -1.062635789403265,
    -0.4024925040893341,
    -7.006874524000904,
    -18.15013341567636,
    -18.672551281730982,
    -0.05077721445186366,
    -2.949592632933627,
    -3.1221702212217375,
    -0.7563015207862452,
    -2.440681520790085,
    -3.118546491998053,
    -4.803478918171335,
    -6.240797496496176,
    -5.9381557810728,
    -4.411391584343222,
    0.36137246808802076,
    -15.328760137750983,
    -1.204349613107219,
    -0.7406570590409803,
    -0.6743244283712914,
    0.24457275417329719,
    -2.697802228727905,
    -0.008244603485143706,
    -2.563075410131686,
    -4.11139883680678,
    -3.6288175818212363,
    -5.50740791188731,
    -0.42315211668952046,
    -5.3105515577654465
  ],
  "ppo_v1_avg_gap_to_greedy": [
    -10.638691799955707,
    -4.1599355076652484,
    -55.4811051983372,
    -42.53611940347946,
    -42.47024780118992,
    -60.501733696085104,
    -36.00329774340485,
    -81.19559619229862,
    -59.32155457289255,
    -54.63010216332407,
    -60.4483808180882,
    -68.21916753568433,
    -37.84585682488802,
    -55.80423153055064,
    -24.26203012698497,
    -61.10196325010554,
    -82.6643826567687,
    -38.74376253922513,
    -59.84679453278501,
    -65.9610320715339,
    -67.89892503851361,
    -40.82302932040206,
    -35.408111311784154,
    -52.98112919087744,
    -26.803734324065637,
    -31.924752127351613,
    -48.2755685187722,
    -45.238310763074125,
    -46.21787999677565,
    -65.85363745649572,
    -76.4893308773835,
    -66.92831126228982,
    -83.86398592166722,
    -61.910561560248546,
    -65.19028858247896,
    -68.18917468145544,
    -67.44688377787462,
    -20.419610297478037,
    -8.816311748635995,
    -21.17948216053335,
    -43.038536784649146,
    -89.47222517336527,
    -59.26622201789119,
    -75.29417793089978,
    -58.535921153908646,
    -66.4399439917047,
    -78.08159668430432,
    -59.54226604210656
  ],
  "ppo_v2_avg_gap_to_greedy": [
    -10.638691799955707,
    -4.1599355076652484,
    -55.4811051983372,
    -41.01546596647959,
    -42.47024780118992,
    -60.87913403931912,
    -39.784264923518165,
    -79.32914749010942,
    -59.32155457289255,
    -53.67248108193666,
    -59.13267238465223,
    -68.21916753568433,
    -37.84585682488802,
    -55.80423153055064,
    -24.26203012698497,
    -61.10196325010554,
    -82.26396213701545,
    -42.27752657648178,
    -59.51158929633601,
    -65.9610320715339,
    -67.33887413932786,
    -43.45252623115451,
    -35.408111311784154,
    -52.98112919087744,
    -26.803734324065637,
    -31.924752127351613,
    -48.2755685187722,
    -45.238310763074125,
    -47.06418195857878,
    -65.85363745649572,
    -76.4893308773835,
    -67.09080895100321,
    -84.54254278759522,
    -58.82692744771359,
    -65.24407447220916,
    -67.19622220791615,
    -67.44688377787462,
    -20.419610297478037,
    -8.816311748635995,
    -20.986708649199713,
    -43.038536784649146,
    -89.47222517336527,
    -59.26622201789119,
    -75.17645238092923,
    -58.535921153908646,
    -66.4399439917047,
    -77.7656246457464,
    -60.50832446268849
  ],
  "by_num_layers": {
    "16": {
      "ppo_v1": 8.080714966001151,
      "ppo_v2": 8.231238496994076,
      "dp": 9.511568201158298,
      "greedy": 21.07076903958054
    },
    "32": {
      "ppo_v1": 11.393769647841339,
      "ppo_v2": 11.197673351739958,
      "dp": 13.089997950372842,
      "greedy": 20.228332310975535
    },
    "48": {
      "ppo_v1": 17.93687873054206,
      "ppo_v2": 18.610713427002768,
      "dp": 19.819052490079578,
      "greedy": 51.21083404414181
    },
    "64": {
      "ppo_v1": 22.14356337588421,
      "ppo_v2": 22.04360512347081,
      "dp": 22.963599505858582,
      "greedy": 71.9462623606959
    }
  },
  "by_num_devices": {
    "3": {
      "ppo_v1": 56.377211333025514,
      "ppo_v2": 56.377211333025514,
      "dp": 56.849259149411075,
      "greedy": 92.44106087262288
    },
    "5": {
      "ppo_v1": 34.583119960407394,
      "ppo_v2": 34.61346862313501,
      "dp": 34.85991410862557,
      "greedy": 149.35015021319487
    },
    "7": {
      "ppo_v1": 29.075319949380724,
      "ppo_v2": 29.113331367850847,
      "dp": 30.13087703951398,
      "greedy": 83.63070261927705
    },
    "10": {
      "ppo_v1": 22.14356337588421,
      "ppo_v2": 22.04360512347081,
      "dp": 22.963599505858582,
      "greedy": 71.9462623606959
    }
  }
}