{
  "ppo_v1_wins": 48,
  "ppo_v2_wins": 48,
  "dp_wins": 12,
  "greedy_wins": 0,
  "ppo_v1_avg_gap_to_dp": [
    -10.638691799955707,
    -1.2221166194470283,
    -2.6710357414211896,
    -2.7610380229836857,
    0.0,
    -1.9198067037285822,
    -1.8232878200780733,
    -5.749688196385514,
    0.0,
    0.0,
    -8.790811791567402,
    0.0,
    -0.06693492965985146,
    0.0,
    0.0,
    -3.901025538023708,
    -3.0176519365595253,
    0.0,
    0.0,
    -7.0255871856180665,
    -0.9596535879025326,
    0.0,
    0.0,
    -16.593440660359214,
    -0.14055174002790624,
    -0.743779589118001,
    -3.3532452821670127,
    0.0,
    0.0,
    -4.476771931294729,
    0.0,
    -6.778689339145728,
    -1.9931198880028544,
    -11.108162909538285,
    0.0,
    -0.9675607067330432,
    -1.204349613107219,
    -0.45202726028562223,
    -0.6743244283712914,
    -2.644755732629848,
    -1.3860624138272315,
    -3.324693782257538,
    -0.004514032160056052,
    -3.077118417400998,
    -0.8046543355131669,
    -0.7581180387593709,
    0.0,
    -0.4054054960117926
  ],
  "ppo_v2_avg_gap_to_dp": [
    -10.638691799955707,
    -1.2221166194470283,
    -2.6710357414211896,
    -2.7693995179668454,
    0.0,
    -2.856949066627738,
    0.0,
    -9.176078157684918,
    0.0,
    0.0,
    -6.300490196882002,
    0.0,
    -0.06693492965985146,
    0.0,
    0.0,
    -3.901025538023708,
    -0.9724137891968841,
    -5.411729260176583,
    0.0,
    -7.0255871856180665,
    -1.0750032677582924,
    0.0,
    0.0,
    -16.593440660359214,
    -0.14055174002790624,
    -0.743779589118001,
    -3.3532452821670127,
    0.0,
    0.0,
    -4.476771931294729,
    0.0,
    -1.0622259725543475,
    -2.0265316441006136,
    -7.430608156033687,
    -0.5941185997659465,
    0.0,
    -1.204349613107219,
    -0.45202726028562223,
    -0.6743244283712914,
    -2.876227393885836,
    -1.3860624138272315,
    -3.6603900918528414,
    -0.3658927048637025,
    -2.61527183293491,
    -0.8046543355131669,
    -0.7581180387593709,
    -0.869423625234175,
    -1.7554687139346967
  ],
  "ppo_v1_avg_gap_to_greedy": [
    -67.32983533197567,
    -1.2221166194470283,
    -22.512036957114656,
    -72.13843824708978,
    -64.03979522161706,
    -71.41796122602915,
    -44.52677816962819,
    -63.987755173136996,
    -57.07741503770717,
    -88.18991071584114,
    -61.922749476304794,
    -54.33205209189529,
    -67.78797071292377,
    -70.42124492945501,
    -24.26203012698497,
    -79.19077961799329,
    -63.51559112834053,
    -39.12878351889259,
    -84.80864453069908,
    -83.94379541864822,
    -92.33641713441986,
    -90.77454776224442,
    -66.14129805336198,
    -74.99949328891043,
    -21.423836163135007,
    -72.18909219625134,
    -86.34141667039086,
    -72.36114001932764,
    -66.47641761018862,
    -55.13611156790175,
    -82.36428291770892,
    -76.73628100553593,
    -65.98698299432347,
    -84.80905473605854,
    -70.47856002124043,
    -70.57583626809853,
    -67.44688377787462,
    -70.44570719464612,
    -8.816311748635995,
    -63.692241357361254,
    -77.99958583500792,
    -68.61558614770163,
    -65.50739694650387,
    -86.6077605628232,
    -94.39118904296629,
    -82.84181397228778,
    -81.01875465302952,
    -90.77250743547616
  ],
  "ppo_v2_avg_gap_to_greedy": [
    -67.32983533197567,
    -1.2221166194470283,
    -22.512036957114656,
    -72.14083403890082,
    -64.03979522161706,
    -71.69105856049507,
    -43.49655778988633,
    -65.29694971899407,
    -57.07741503770717,
    -88.18991071584114,
    -60.8831108049386,
    -54.33205209189529,
    -67.78797071292377,
    -70.42124492945501,
    -24.26203012698497,
    -79.19077961799329,
    -62.74617992827882,
    -42.42296895222611,
    -84.80864453069908,
    -83.94379541864822,
    -92.3453427073012,
    -90.77454776224442,
    -66.14129805336198,
    -74.99949328891043,
    -21.423836163135007,
    -72.18909219625134,
    -86.34141667039086,
    -72.36114001932764,
    -66.47641761018862,
    -55.13611156790175,
    -82.36428291770892,
    -75.30971666676213,
    -65.99857845197954,
    -84.1805883347085,
    -70.65395238707299,
    -70.28835809570735,
    -67.44688377787462,
    -70.44570719464612,
    -8.816311748635995,
    -63.77856662183711,
    -77.99958583500792,
    -68.72456570330084,
    -65.63205148454547,
    -86.54394529091405,
    -94.39118904296629,
    -82.84181397228778,
    -81.18378208443974,
    -90.89759151626451
  ],
  "by_num_layers": {
    "16": {
      "ppo_v1": 7.492107000797695,
      "ppo_v2": 7.5665866995829205,
      "dp": 7.755019636543548,
      "greedy": 33.195489057852676
    },
    "32": {
      "ppo_v1": 10.744093820823457,
      "ppo_v2": 10.744093820823457,
      "dp": 11.41920347779935,
      "greedy": 66.33202450314134
    },
    "48": {
      "ppo_v1": 17.923127178884375,
      "ppo_v2": 18.204074669284548,
      "dp": 18.7928917581774,
      "greedy": 81.79872182139313
    },
    "64": {
      "ppo_v1": 22.108882141181322,
      "ppo_v2": 21.945410420363743,
      "dp": 22.200997778674576,
      "greedy": 165.46821157117276
    }
  },
  "by_num_devices": {
    "3": {
      "ppo_v1": 56.377211333025514,
      "ppo_v2": 56.377211333025514,
      "dp": 56.77994221959664,
      "greedy": 142.9155526818041
    },
    "5": {
      "ppo_v1": 34.583119960407394,
      "ppo_v2": 34.511158012383326,
      "dp": 35.48053173418288,
      "greedy": 118.34909849124115
    },
    "7": {
      "ppo_v1": 29.075319949380724,
      "ppo_v2": 29.074942138785598,
      "dp": 29.414033301548084,
      "greedy": 277.1343745087349
    },
    "10": {
      "ppo_v1": 22.108882141181322,
      "ppo_v2": 21.945410420363743,
      "dp": 22.200997778674576,
      "greedy": 165.46821157117276
    }
  }
}