{
  "28L-2D": {
    "nd": 2,
    "seed": 42,
    "rl_mean": 207.5342575633424,
    "rl_best": 204.5809338146463,
    "rl_std": 2.842170943040401e-14,
    "rl_partition": [
      1,
      1,
      1,
      0,
      0,
      0,
      0,
      0,
      0,
      0,
      0,
      0,
      0,
      0,
      0,
      0,
      0,
      0,
      0,
      0,
      0,
      1,
      1,
      1,
      1,
      1,
      1,
      1
    ],
    "dp": 332.3402792496665,
    "dp_partition": [
      0,
      0,
      1,
      1,
      1,
      1,
      0,
      0,
      0,
      0,
      0,
      1,
      1,
      1,
      1,
      1,
      1,
      1,
      1,
      0,
      1,
      1,
      0,
      1,
      1,
      0,
      1,
      1
    ],
    "greedy": 186.76980038156105,
    "greedy_partition": [
      0,
      0,
      0,
      0,
      0,
      0,
      0,
      0,
      0,
      0,
      0,
      0,
      0,
      0,
      0,
      0,
      0,
      1,
      1,
      1,
      1,
      1,
      1,
      1,
      1,
      1,
      1,
      1
    ],
    "greedy_mem": 280.83987604749177,
    "gm_partition": [
      0,
      0,
      0,
      0,
      0,
      0,
      0,
      1,
      1,
      1,
      1,
      1,
      1,
      1,
      1,
      1,
      1,
      0,
      0,
      1,
      0,
      0,
      0,
      1,
      1,
      1,
      0,
      0
    ],
    "uniform": 194.39617112632988,
    "random": null
  },
  "28L-3D": {
    "nd": 3,
    "seed": 42,
    "rl_mean": 427.80444347952437,
    "rl_best": 404.86635821716857,
    "rl_std": 0.0,
    "rl_partition": [
      1,
      1,
      1,
      1,
      1,
      1,
      1,
      1,
      1,
      0,
      0,
      0,
      0,
      0,
      0,
      0,
      2,
      2,
      2,
      2,
      2,
      2,
      2,
      2,
      2,
      2,
      2,
      2
    ],
    "dp": 372.04831215092014,
    "dp_partition": [
      1,
      1,
      0,
      0,
      0,
      0,
      0,
      0,
      0,
      0,
      1,
      1,
      1,
      1,
      1,
      1,
      2,
      2,
      2,
      2,
      2,
      2,
      2,
      2,
      2,
      2,
      1,
      1
    ],
    "greedy": 248.81487822264666,
    "greedy_partition": [
      0,
      0,
      0,
      0,
      0,
      0,
      0,
      0,
      0,
      0,
      0,
      0,
      0,
      0,
      0,
      1,
      1,
      1,
      1,
      1,
      1,
      1,
      1,
      1,
      1,
      2,
      2,
      2
    ],
    "greedy_mem": 412.9820720129045,
    "gm_partition": [
      0,
      0,
      0,
      0,
      0,
      0,
      0,
      1,
      1,
      1,
      1,
      1,
      1,
      1,
      1,
      1,
      2,
      2,
      1,
      2,
      2,
      2,
      2,
      2,
      0,
      2,
      2,
      2
    ],
    "uniform": 343.2124516507277,
    "random": 393.012288235704
  },
  "28L-3D-s2": {
    "nd": 3,
    "seed": 123,
    "rl_mean": 374.97584944262616,
    "rl_best": 356.4988539009548,
    "rl_std": 5.684341886080802e-14,
    "rl_partition": [
      1,
      1,
      1,
      1,
      1,
      1,
      1,
      1,
      1,
      0,
      0,
      0,
      0,
      0,
      2,
      2,
      2,
      2,
      2,
      2,
      2,
      2,
      2,
      2,
      2,
      2,
      2,
      2
    ],
    "dp": 337.1950232324727,
    "dp_partition": [
      1,
      1,
      0,
      0,
      1,
      0,
      0,
      0,
      0,
      0,
      1,
      1,
      1,
      1,
      1,
      1,
      2,
      2,
      2,
      2,
      2,
      2,
      2,
      2,
      2,
      2,
      2,
      2
    ],
    "greedy": 222.72533029626484,
    "greedy_partition": [
      0,
      0,
      0,
      0,
      0,
      0,
      0,
      0,
      0,
      0,
      0,
      0,
      0,
      0,
      0,
      0,
      1,
      1,
      1,
      1,
      1,
      1,
      1,
      2,
      2,
      2,
      2,
      2
    ],
    "greedy_mem": 343.46588839732226,
    "gm_partition": [
      0,
      0,
      0,
      0,
      0,
      1,
      1,
      1,
      1,
      1,
      1,
      1,
      1,
      1,
      1,
      2,
      2,
      2,
      2,
      2,
      2,
      2,
      2,
      2,
      2,
      2,
      2,
      2
    ],
    "uniform": 280.7574820206122,
    "random": 342.3802038622519
  },
  "28L-4D": {
    "nd": 4,
    "seed": 42,
    "rl_mean": 333.6424887891836,
    "rl_best": 325.423965854418,
    "rl_std": 5.684341886080802e-14,
    "rl_partition": [
      1,
      1,
      1,
      1,
      1,
      1,
      1,
      1,
      1,
      0,
      0,
      0,
      0,
      0,
      0,
      0,
      2,
      2,
      2,
      3,
      3,
      3,
      3,
      3,
      3,
      3,
      3,
      3
    ],
    "dp": 227.64720772587975,
    "dp_partition": [
      0,
      0,
      0,
      0,
      0,
      1,
      1,
      1,
      1,
      1,
      1,
      1,
      1,
      1,
      1,
      0,
      0,
      3,
      3,
      3,
      3,
      3,
      3,
      3,
      3,
      3,
      3,
      3
    ],
    "greedy": 250.49503094158788,
    "greedy_partition": [
      0,
      0,
      0,
      0,
      0,
      0,
      0,
      0,
      0,
      0,
      0,
      1,
      1,
      1,
      1,
      1,
      1,
      1,
      2,
      2,
      3,
      3,
      3,
      3,
      3,
      3,
      3,
      3
    ],
    "greedy_mem": 239.17046344227504,
    "gm_partition": [
      0,
      0,
      0,
      0,
      0,
      0,
      0,
      1,
      1,
      0,
      1,
      1,
      1,
      1,
      1,
      1,
      1,
      3,
      3,
      3,
      3,
      3,
      3,
      3,
      3,
      3,
      3,
      3
    ],
    "uniform": 333.6424887891835,
    "random": 228.71304351993228
  },
  "28L-4D-s2": {
    "nd": 4,
    "seed": 789,
    "rl_mean": 326.90635250068186,
    "rl_best": 313.9965512467563,
    "rl_std": 0.0,
    "rl_partition": [
      0,
      0,
      1,
      1,
      1,
      1,
      1,
      1,
      1,
      1,
      1,
      1,
      1,
      2,
      2,
      2,
      3,
      3,
      3,
      3,
      3,
      3,
      2,
      2,
      2,
      2,
      2,
      2
    ],
    "dp": 262.7347692593973,
    "dp_partition": [
      0,
      0,
      0,
      0,
      0,
      1,
      1,
      1,
      1,
      1,
      1,
      1,
      1,
      1,
      1,
      1,
      2,
      2,
      2,
      2,
      2,
      3,
      3,
      3,
      3,
      3,
      3,
      3
    ],
    "greedy": 246.4952683360351,
    "greedy_partition": [
      0,
      0,
      0,
      0,
      0,
      0,
      0,
      0,
      0,
      0,
      1,
      1,
      1,
      1,
      1,
      1,
      1,
      2,
      2,
      2,
      2,
      3,
      3,
      3,
      3,
      3,
      3,
      3
    ],
    "greedy_mem": 285.6445895830536,
    "gm_partition": [
      0,
      0,
      0,
      0,
      0,
      1,
      1,
      1,
      1,
      1,
      1,
      1,
      1,
      1,
      1,
      1,
      2,
      2,
      2,
      2,
      2,
      2,
      2,
      2,
      2,
      2,
      2,
      2
    ],
    "uniform": 274.70696991548493,
    "random": 274.2764442707389
  },
  "28L-5D": {
    "nd": 5,
    "seed": 42,
    "rl_mean": 361.1263993277059,
    "rl_best": 252.67680105794605,
    "rl_std": 5.684341886080802e-14,
    "rl_partition": [
      1,
      1,
      1,
      1,
      1,
      1,
      0,
      0,
      0,
      0,
      0,
      0,
      0,
      2,
      3,
      3,
      3,
      3,
      3,
      3,
      3,
      4,
      4,
      4,
      4,
      4,
      4,
      4
    ],
    "dp": 220.56909745463037,
    "dp_partition": [
      4,
      4,
      4,
      4,
      4,
      4,
      4,
      0,
      0,
      0,
      0,
      0,
      0,
      0,
      1,
      1,
      1,
      3,
      3,
      3,
      3,
      3,
      3,
      3,
      3,
      3,
      3,
      3
    ],
    "greedy": 248.68922332607931,