{
  "timesteps": [
    8000,
    16000,
    24000,
    32000,
    40000,
    48000,
    56000,
    64000,
    72000,
    80000,
    88000,
    96000,
    104000,
    112000,
    120000,
    128000,
    136000,
    144000,
    152000,
    160000,
    168000,
    176000,
    184000,
    192000,
    200000,
    208000,
    216000,
    224000,
    232000,
    240000,
    248000,
    256000,
    264000,
    272000,
    280000,
    288000,
    296000,
    304000,
    312000,
    320000,
    328000,
    336000,
    344000,
    352000,
    360000,
    368000,
    376000,
    384000,
    392000,
    400000,
    408000,
    416000,
    424000,
    432000,
    440000,
    448000,
    456000,
    464000,
    472000,
    480000,
    488000,
    496000,
    504000,
    512000,
    520000,
    528000,
    536000,
    544000,
    552000,
    560000,
    568000,
    576000,
    584000,
    592000,
    600000,
    608000,
    616000,
    624000,
    632000,
    640000,
    648000,
    656000,
    664000,
    672000,
    680000,
    688000,
    696000,
    704000,
    712000,
    720000,
    728000,
    736000,
    744000,
    752000,
    760000,
    768000,
    776000,
    784000,
    792000,
    800000,
    808000,
    816000,
    824000,
    832000,
    840000,
    848000,
    856000,
    864000,
    872000,
    880000,
    888000,
    896000,
    904000,
    912000,
    920000,
    928000,
    936000,
    944000,
    952000,
    960000,
    968000,
    976000,
    984000,
    992000,
    1000000
  ],
  "mean_tpot": [
    403.64454071005554,
    406.5287102803534,
    405.89938546010507,
    405.89938546010507,
    384.42409324256295,
    384.42409324256295,
    371.2464305701713,
    355.34664884782416,
    355.34664884782416,
    326.0225573882849,
    326.0225573882849,
    326.0225573882849,
    316.191787120952,
    263.1307538839838,
    254.13525328494,
    254.13525328494,
    254.13525328494,
    254.13525328494,
    254.13525328494,
    254.13525328494,
    254.13525328494,
    254.13525328494,
    254.13525328494,
    254.13525328494,
    254.13525328494,
    254.13525328494,
    254.13525328494,
    254.13525328494,
    254.13525328494,
    254.13525328494,
    254.13525328494,
    254.13525328494,
    254.13525328494,
    254.13525328494,
    254.13525328494,
    254.13525328494,
    254.13525328494,
    254.13525328494,
    254.13525328494,
    254.13525328494,
    254.13525328494,
    254.13525328494,
    254.13525328494,
    254.13525328494,
    254.13525328494,
    258.3700855403099,
    258.3700855403099,
    258.3700855403099,
    254.13525328494,
    254.13525328494,
    254.13525328494,
    258.3700855403099,
    254.13525328494,
    254.13525328494,
    254.13525328494,
    254.13525328494,
    258.3700855403099,
    258.3700855403099,
    254.13525328494,
    254.13525328494,
    254.13525328494,
    254.13525328494,
    254.13525328494,
    254.13525328494,
    316.4158362431572,
    316.4158362431572,
    355.70933759981,
    355.70933759981,
    355.70933759981,
    355.70933759981,
    355.70933759981,
    355.70933759981,
    355.70933759981,
    355.70933759981,
    355.70933759981,
    355.70933759981,
    355.70933759981,
    333.6424887891836,
    333.6424887891836,
    333.6424887891836,
    333.6424887891836,
    333.6424887891836,
    333.6424887891836,
    333.6424887891836,
    333.6424887891836,
    333.6424887891836,
    333.6424887891836,
    333.6424887891836,
    333.6424887891836,
    333.6424887891836,
    333.6424887891836,
    333.6424887891836,
    333.6424887891836,
    333.6424887891836,
    333.6424887891836,
    333.6424887891836,
    333.6424887891836,
    333.6424887891836,
    333.6424887891836,
    333.6424887891836,
    333.6424887891836,
    333.6424887891836,
    333.6424887891836,
    333.6424887891836,
    333.6424887891836,
    333.6424887891836,
    333.6424887891836,
    333.6424887891836,
    333.6424887891836,
    333.6424887891836,
    333.6424887891836,
    333.6424887891836,
    333.6424887891836,
    333.6424887891836,
    333.6424887891836,
    333.6424887891836,
    333.6424887891836,
    333.6424887891836,
    333.6424887891836,
    333.6424887891836,
    333.6424887891836,
    333.6424887891836,
    333.6424887891836,
    333.6424887891836,
    333.6424887891836
  ],
  "min_tpot": [
    403.6445407100556,
    406.52871028035344,
    405.89938546010495,
    405.89938546010495,
    384.42409324256295,
    384.42409324256295,
    371.24643057017124,
    355.3466488478242,
    355.3466488478242,
    326.02255738828484,
    326.02255738828484,
    326.02255738828484,
    316.191787120952,
    263.1307538839838,
    254.13525328494003,
    254.13525328494003,
    254.13525328494003,
    254.13525328494003,
    254.13525328494003,
    254.13525328494003,
    254.13525328494003,
    254.13525328494003,
    254.13525328494003,
    254.13525328494003,
    254.13525328494003,
    254.13525328494003,
    254.13525328494003,
    254.13525328494003,
    254.13525328494003,
    254.13525328494003,
    254.13525328494003,
    254.13525328494003,
    254.13525328494003,
    254.13525328494003,
    254.13525328494003,
    254.13525328494003,
    254.13525328494003,
    254.13525328494003,
    254.13525328494003,
    254.13525328494003,
    254.13525328494003,
    254.13525328494003,
    254.13525328494003,
    254.13525328494003,
    254.13525328494003,
    258.3700855403099,
    258.3700855403099,
    258.3700855403099,
    254.13525328494003,
    254.13525328494003,
    254.13525328494003,
    258.3700855403099,
    254.13525328494003,
    254.13525328494003,
    254.13525328494003,
    254.13525328494003,
    258.3700855403099,
    258.3700855403099,
    254.13525328494003,
    254.13525328494003,
    254.13525328494003,
    254.13525328494003,
    254.13525328494003,
    254.13525328494003,
    316.4158362431572,
    316.4158362431572,
    355.70933759981006,
    355.70933759981006,
    355.70933759981006,
    355.70933759981006,
    355.70933759981006,
    355.70933759981006,
    355.70933759981006,
    355.70933759981006,
    355.70933759981006,
    355.70933759981006,
    355.70933759981006,
    333.6424887891835,
    333.6424887891835,
    333.6424887891835,
    333.6424887891835,
    333.6424887891835,
    333.6424887891835,
    333.6424887891835,
    333.6424887891835,
    333.6424887891835,
    333.6424887891835,
    333.6424887891835,
    333.6424887891835,
    333.6424887891835,
    333.6424887891835,
    333.6424887891835,
    333.6424887891835,
    333.6424887891835,
    333.6424887891835,
    333.6424887891835,
    333.6424887891835,
    333.6424887891835,
    333.6424887891835,
    333.6424887891835,
    333.6424887891835,
    333.6424887891835,
    333.6424887891835,
    333.6424887891835,
    333.6424887891835,
    333.6424887891835,
    333.6424887891835,
    333.6424887891835,
    333.6424887891835,
    333.6424887891835,
    333.6424887891835,
    333.6424887891835,
    333.6424887891835,
    333.6424887891835,
    333.6424887891835,
    333.6424887891835,
    333.6424887891835,
    333.6424887891835,
    333.6424887891835,
    333.6424887891835,
    333.6424887891835,
    333.6424887891835,
    333.6424887891835,
    333.6424887891835,
    333.6424887891835
  ],